,X,Y,Angle,Grand Prix,Straight_Line
0,-1352.0456589479445,-423.443663454796,,Bahrain Grand Prix,6297
1,-3050.629354652038,-407.7137973325076,,Bahrain Grand Prix,6297
2,-4287.55159268936,-402.8788155598819,,Bahrain Grand Prix,6297
3,-6304.661766238924,-406.277015501844,,Bahrain Grand Prix,6297
4,-7830.512651774873,-408.5298157951837,,Bahrain Grand Prix,6297
5,-8299.046126056679,-286.8072481365088,114.34,Bahrain Grand Prix,
6,-8261.64991386062,17.683348291997273,,Bahrain Grand Prix,
7,-7932.993156357583,434.4071606036888,47.49,Bahrain Grand Prix,
8,-8113.784693120881,1542.7728133712062,10.77,Bahrain Grand Prix,
9,-8041.536832480842,2769.041236936348,,Bahrain Grand Prix,4056
10,-7795.334721652151,4257.540320114936,,Bahrain Grand Prix,4056
11,-7565.459164445436,5726.457686136218,,Bahrain Grand Prix,4056
12,-7330.916585022582,7004.421605203449,,Bahrain Grand Prix,4056
13,-6742.11995347289,7221.102307333882,114.21,Bahrain Grand Prix,4056
14,-6206.706560752129,6731.489706500076,,Bahrain Grand Prix,213
15,-5685.465463199785,6103.298081100288,,Bahrain Grand Prix,0
16,-4492.030885740592,5223.412344584008,35.32,Bahrain Grand Prix,
17,-4323.7936150841215,4216.670460702115,37.03,Bahrain Grand Prix,
18,-3779.211165072597,3407.182996228794,,Bahrain Grand Prix,213
19,-2856.554439683606,2860.049952907096,,Bahrain Grand Prix,
20,-2568.025480733263,2362.816567214792,116.61,Bahrain Grand Prix,
21,-2838.727122975266,2206.2738545530947,,Bahrain Grand Prix,
22,-3428.6247019708035,2221.696120768009,,Bahrain Grand Prix,1601
23,-4229.143122883815,2365.846243136805,,Bahrain Grand Prix,1601
24,-5513.60149020899,2557.135821024219,85.89,Bahrain Grand Prix,1601
25,-6642.361016535889,2043.429745796101,135.02,Bahrain Grand Prix,1601
26,-6400.714606778047,1656.6274543717288,,Bahrain Grand Prix,1601
27,-5936.69267791286,1606.7912272650235,,Bahrain Grand Prix,5549
28,-4679.455833287479,1564.64248450302,,Bahrain Grand Prix,5549
29,-3004.683019948332,1543.078076324776,,Bahrain Grand Prix,5549
30,-1911.568362511652,1530.219394545933,,Bahrain Grand Prix,5549
31,-372.8174001372092,1506.9068272972063,,Bahrain Grand Prix,5549
32,584.9384120439585,2103.695570684003,109.38,Bahrain Grand Prix,
33,256.2814850846107,2947.7397782712824,,Bahrain Grand Prix,
34,-894.667837402518,3527.9256597492954,,Bahrain Grand Prix,
35,-1780.762839009108,4947.866379683694,68.09,Bahrain Grand Prix,
36,-1459.6539254998845,5838.615539472759,,Bahrain Grand Prix,320
37,-981.8436806581624,6568.7356459787325,,Bahrain Grand Prix,
38,-383.7193731469081,6575.614073428561,92.54,Bahrain Grand Prix,
39,105.23663281249826,6012.335257710958,,Bahrain Grand Prix,5976
40,478.4409845565598,5353.95883662702,,Bahrain Grand Prix,5976
41,1034.870200398865,4405.800343674962,,Bahrain Grand Prix,5976
42,1749.6886179927424,3220.024804262639,,Bahrain Grand Prix,5976
43,2323.21217638448,2269.4614302734667,,Bahrain Grand Prix,5976
44,3249.3557943005967,762.8655989393806,,Bahrain Grand Prix,5976
45,3486.7508762955263,10.69236420909543,89.14,Bahrain Grand Prix,
46,3130.0159874878427,-346.9753853957154,51.7,Bahrain Grand Prix,
47,2225.5482683515697,-492.6295821784655,,Bahrain Grand Prix,3415
48,1057.9202977682369,-466.3632099233019,,Bahrain Grand Prix,3415
49,36.58728239341884,-445.9948102467833,,Bahrain Grand Prix,3415
50,32.12936721386652,-1352.399239781817,,Saudi Arabian Grand Prix,3898
51,-1263.8094486836274,-2231.013822776091,,Saudi Arabian Grand Prix,3898
52,-2845.7592308002045,-3206.7042895027644,,Saudi Arabian Grand Prix,3898
53,-3637.684856505689,-3663.8681587564233,45.18,Saudi Arabian Grand Prix,3898
54,-3802.8313762484,-4398.646783252857,72.76,Saudi Arabian Grand Prix,
55,-4155.153050641679,-4651.388623383682,,Saudi Arabian Grand Prix,
56,-4964.283185032399,-4700.59660668777,17.71,Saudi Arabian Grand Prix,366
57,-6134.743483118888,-5057.353793865952,,Saudi Arabian Grand Prix,1829
58,-7372.466528098707,-5541.157125733233,,Saudi Arabian Grand Prix,1829
59,-8077.364839500254,-6066.286034272127,37.39,Saudi Arabian Grand Prix,1829
60,-8542.769635863655,-6799.66204664364,71.74,Saudi Arabian Grand Prix,
61,-9433.737818192863,-7012.529841476452,59.76,Saudi Arabian Grand Prix,
62,-10720.448425217182,-7105.577215276634,42.69,Saudi Arabian Grand Prix,
63,-11445.697500916742,-7978.974477807799,48.23,Saudi Arabian Grand Prix,
64,-13027.11000539459,-8105.305355589521,64.3,Saudi Arabian Grand Prix,
65,-13886.538393434032,-7535.287947230856,24.03,Saudi Arabian Grand Prix,
66,-15058.478276991777,-7547.158470667407,10.11,Saudi Arabian Grand Prix,3164
67,-16514.030772963626,-7698.792673504746,,Saudi Arabian Grand Prix,3164
68,-18197.2728013079,-8152.482296502075,,Saudi Arabian Grand Prix,3164
69,-19263.67996736277,-8500.816555780182,,Saudi Arabian Grand Prix,
70,-20119.775518196333,-9180.102510178602,174.7,Saudi Arabian Grand Prix,
71,-19236.820718974548,-9749.407193569856,,Saudi Arabian Grand Prix,
72,-18277.731008727464,-9202.125796390885,,Saudi Arabian Grand Prix,
73,-17342.59939057638,-8571.154436712703,41.34,Saudi Arabian Grand Prix,
74,-15982.349108092523,-8396.904131110114,12.53,Saudi Arabian Grand Prix,
75,-14640.23838697588,-8526.054478627135,,Saudi Arabian Grand Prix,
76,-13875.274296550915,-8899.07316496912,25.17,Saudi Arabian Grand Prix,
77,-12874.260341306506,-9173.044078399627,61.8,Saudi Arabian Grand Prix,
78,-12035.914401228536,-8947.5311413987,,Saudi Arabian Grand Prix,
79,-10891.19629805796,-8260.181547470287,8.03,Saudi Arabian Grand Prix,366
80,-9719.562269022765,-7581.58026394162,10.1,Saudi Arabian Grand Prix,366
81,-8371.259417117884,-7123.798198385124,,Saudi Arabian Grand Prix,
82,-7266.963135663471,-6307.394056574248,14.91,Saudi Arabian Grand Prix,
83,-5814.8145322671735,-5402.1993627905385,30.65,Saudi Arabian Grand Prix,
84,-4343.143918840859,-5075.464599446603,,Saudi Arabian Grand Prix,
85,-3460.569974829073,-4713.189519774429,49.51,Saudi Arabian Grand Prix,
86,-3045.407323919075,-4038.717894508114,14.95,Saudi Arabian Grand Prix,
87,-1871.557511150314,-3691.421742697093,42.13,Saudi Arabian Grand Prix,731
88,-683.0267344074069,-3907.302711601029,,Saudi Arabian Grand Prix,731
89,431.8293788793348,-4034.3690197522446,32.51,Saudi Arabian Grand Prix,
90,1774.0033309340242,-3680.1458098606618,,Saudi Arabian Grand Prix,1219
91,3290.62313317819,-2843.386958434,,Saudi Arabian Grand Prix,1219
92,4271.837913452683,-1826.813028524876,28.82,Saudi Arabian Grand Prix,2191
93,5262.845598851747,101.20376794759954,,Saudi Arabian Grand Prix,2191
94,5545.343130452429,778.669740996816,,Saudi Arabian Grand Prix,
95,5263.599352432295,1292.7810553509555,22.22,Saudi Arabian Grand Prix,
96,4750.549618840138,1155.587867251048,,Saudi Arabian Grand Prix,4873
97,3737.167686367513,664.8516255304588,,Saudi Arabian Grand Prix,4873
98,2615.3258648649253,100.69568296869072,,Saudi Arabian Grand Prix,4873
99,1309.824931474047,-557.6904597435823,,Saudi Arabian Grand Prix,4873
100,-39.0360208819688,-1790.6929354508836,,Australian Grand Prix,2614
101,-1257.7260957665555,-1799.8308442817113,,Australian Grand Prix,2614
102,-2561.33010518864,-1811.729861832153,,Australian Grand Prix,2614
103,-3510.4333682877327,-1650.8914461017853,53.75,Australian Grand Prix,
104,-3925.6065728587314,-1045.341109460604,6.9,Australian Grand Prix,
105,-4853.969177470493,-628.1458621740798,,Australian Grand Prix,4269
106,-5876.459046632523,-660.5104641493463,,Australian Grand Prix,4269
107,-6832.917742742673,-637.4504850671711,,Australian Grand Prix,4269
108,-8445.510584868127,-443.1071663609423,,Australian Grand Prix,4269
109,-9546.091578919382,-208.9032476636903,,Australian Grand Prix,4269
110,-9996.92449444035,-25.644735493412664,104.97,Australian Grand Prix,
111,-10053.403954128802,466.14797554783513,,Australian Grand Prix,
112,-9694.115010409158,913.2010539633876,,Australian Grand Prix,
113,-9580.001476696343,1454.3499257385895,77.72,Australian Grand Prix,
114,-9999.257852198973,1947.5244299461772,,Australian Grand Prix,209
115,-10803.908324487802,2645.4460712823407,61.6,Australian Grand Prix,
116,-10997.419355074242,3673.577619792245,,Australian Grand Prix,314
117,-10640.0180357477,4984.8797577237165,,Australian Grand Prix,1568
118,-10239.5228491159,5969.403807955482,,Australian Grand Prix,1568
119,-9888.961864199851,6929.3397411586775,47.38,Australian Grand Prix,
120,-8947.863641770187,7241.767550003739,12.42,Australian Grand Prix,314
121,-7774.528124552144,7893.847885571886,,Australian Grand Prix,
122,-6638.865460532715,7886.754680915703,54.63,Australian Grand Prix,
123,-5383.49869011158,7201.474977639436,,Australian Grand Prix,418
124,-4397.450447174169,6118.491200013913,,Australian Grand Prix,1254
125,-3901.319126607154,5086.491823680561,,Australian Grand Prix,1254
126,-3316.433569629058,3831.585099960258,,Australian Grand Prix,0
127,-2272.3516707346207,2913.0765325527545,,Australian Grand Prix,
128,-1258.7753760929756,2475.2990834527427,,Australian Grand Prix,1149
129,645.2173396985348,2363.56395821064,,Australian Grand Prix,1149
130,1634.5642699444763,2685.050585635377,31.64,Australian Grand Prix,0
131,2500.7023307458007,3483.9359714269326,32.87,Australian Grand Prix,1464
132,3509.9901125352794,3570.2793181913057,,Australian Grand Prix,1464
133,4433.919694049427,3628.409589161709,,Australian Grand Prix,
134,5593.260840525707,3478.7529618875874,,Australian Grand Prix,1986
135,7188.98516413495,2723.175776524091,,Australian Grand Prix,1986
136,8355.56622695439,2056.418981379814,,Australian Grand Prix,0
137,8783.28548838575,1521.371101839478,87.38,Australian Grand Prix,
138,8471.289833384735,947.6083361771472,,Australian Grand Prix,1254
139,8037.701070696607,255.0343077364484,,Australian Grand Prix,1254
140,7394.600921099288,-528.6494279553841,72.24,Australian Grand Prix,
141,6292.341589816216,-390.5973848723722,,Australian Grand Prix,314
142,5388.845754629357,-88.40493658817066,,Australian Grand Prix,
143,5012.958687401414,-230.3588470336948,105.58,Australian Grand Prix,
144,5011.234932550588,-653.2430258217106,,Australian Grand Prix,
145,4972.945043604982,-1347.766520315981,82.85,Australian Grand Prix,
146,4040.0700494729135,-1796.8302633671135,,Australian Grand Prix,3555
147,3149.723727371937,-1794.7262858804493,,Australian Grand Prix,3555
148,2243.897469681825,-1788.1088181527157,,Australian Grand Prix,3555
149,1089.852829442027,-1780.694754908097,,Australian Grand Prix,3555
150,1349.8826920818103,-534.3797503816592,,Azerbaijan Grand Prix,1656
151,3084.973109878291,90.66924135485571,,Azerbaijan Grand Prix,1656
152,3734.673501211011,469.18529319692817,85.28,Azerbaijan Grand Prix,
153,3596.029388802731,1148.3721674035196,,Azerbaijan Grand Prix,2129
154,3101.052664508089,2461.0762629279247,,Azerbaijan Grand Prix,2129
155,2610.226086658616,3547.2527082979086,85.4,Azerbaijan Grand Prix,2129
156,1888.839338577256,3386.78726126148,,Azerbaijan Grand Prix,7450
157,977.7427034554978,3103.0815660951507,,Azerbaijan Grand Prix,7450
158,-583.4065560316857,2606.104715927441,,Azerbaijan Grand Prix,7450
159,-2045.5783269334036,2067.891270928029,,Azerbaijan Grand Prix,7450
160,-3493.8739562610426,1526.9478634717066,,Azerbaijan Grand Prix,7450
161,-5085.008959550274,916.3846797570512,,Azerbaijan Grand Prix,7450
162,-5560.895475879455,529.7608010634611,86.98,Azerbaijan Grand Prix,
163,-5304.557347140449,-215.676495933801,,Azerbaijan Grand Prix,
164,-4946.617818834131,-1219.7857001919087,,Azerbaijan Grand Prix,
165,-5095.115101998679,-1607.5453640208686,87.62,Azerbaijan Grand Prix,473
166,-5948.182305826048,-1911.315582696359,,Azerbaijan Grand Prix,473
167,-7197.58940350266,-2478.704253957343,,Azerbaijan Grand Prix,591
168,-7878.914938745514,-2925.658966457433,15.92,Azerbaijan Grand Prix,591
169,-7806.4109512867,-3510.2547001081093,18.01,Azerbaijan Grand Prix,8871
170,-8395.923398020654,-3924.970355884145,14.77,Azerbaijan Grand Prix,8871
171,-9465.85722424979,-4659.981653410026,,Azerbaijan Grand Prix,8871
172,-10570.7388378292,-5412.187489583984,,Azerbaijan Grand Prix,8871
173,-11018.850459616951,-5670.088583840581,21.09,Azerbaijan Grand Prix,8871
174,-11279.690860155431,-5239.8476217659245,,Azerbaijan Grand Prix,8871
175,-11490.012836580074,-4380.66273698685,,Azerbaijan Grand Prix,8871
176,-11746.01996411707,-3705.33885124738,23.58,Azerbaijan Grand Prix,8871
177,-12542.441190584035,-3482.351788768746,51.27,Azerbaijan Grand Prix,
178,-12724.869374215368,-3027.180438816914,61.1,Azerbaijan Grand Prix,
179,-13344.294104642837,-2942.6464022703217,,Azerbaijan Grand Prix,2364
180,-14225.741623093276,-3252.9402504490463,,Azerbaijan Grand Prix,2364
181,-15531.01539239376,-3835.425775742251,,Azerbaijan Grand Prix,2364
182,-16807.664045076115,-5037.258217309847,47.19,Azerbaijan Grand Prix,591
183,-17276.34910823926,-7311.846380377561,31.54,Azerbaijan Grand Prix,710
184,-17338.319126797047,-8475.197452410397,65.9,Azerbaijan Grand Prix,710
185,-17078.228415110523,-8843.314039505298,,Azerbaijan Grand Prix,2247
186,-16256.838583471132,-9315.949992940295,,Azerbaijan Grand Prix,2247
187,-15249.30333574458,-9943.540404425845,,Azerbaijan Grand Prix,2247
188,-14292.788747542,-10398.223637628533,86.74,Azerbaijan Grand Prix,
189,-13794.089380219611,-9786.485179599082,,Azerbaijan Grand Prix,591
190,-13282.14901596776,-8922.093449276723,19.77,Azerbaijan Grand Prix,591
191,-12438.288801751412,-8106.139443916899,,Azerbaijan Grand Prix,0
192,-11051.13749825271,-6305.269303900733,11.39,Azerbaijan Grand Prix,355
193,-10041.367625666486,-5170.561498156362,,Azerbaijan Grand Prix,2011
194,-8835.484406672693,-4344.54051649236,,Azerbaijan Grand Prix,2011
195,-7529.664666416504,-3617.8859865007953,,Azerbaijan Grand Prix,
196,-5800.086509490087,-3021.587907447192,,Azerbaijan Grand Prix,
197,-4173.205940408524,-2435.92963341288,,Azerbaijan Grand Prix,
198,-2646.127496113897,-1882.0917284526795,,Azerbaijan Grand Prix,
199,-651.0355403198043,-1225.6070843628884,,Azerbaijan Grand Prix,
200,1975.3990759756716,109.00683755831076,,Miami Grand Prix,0
201,3388.5695477342506,-702.1683702418503,,Miami Grand Prix,2775
202,4564.747937373775,-1288.4775000914346,,Miami Grand Prix,2775
203,5075.116270767649,-1719.9287305552707,97.53,Miami Grand Prix,
204,4852.220443445124,-2127.956242081402,,Miami Grand Prix,
205,4513.182741336889,-2763.1754456239014,20.62,Miami Grand Prix,
206,4285.4708681975735,-3663.6710329708826,56.47,Miami Grand Prix,
207,3410.22982188585,-4130.500885113137,,Miami Grand Prix,
208,2156.777959352973,-3996.1638897884586,,Miami Grand Prix,1709
209,1046.9178696057309,-3360.5102252932065,,Miami Grand Prix,1709
210,-188.62116786900052,-2736.249633171604,34.83,Miami Grand Prix,
211,-1459.0562636264087,-3089.8025534931103,29.57,Miami Grand Prix,
212,-2593.935981181753,-2769.2139905631443,54.34,Miami Grand Prix,
213,-3858.051168528806,-2759.324950239372,,Miami Grand Prix,
214,-4297.196082351748,-3565.141768544526,118.76,Miami Grand Prix,
215,-3846.128108141671,-4017.6753945238743,48.94,Miami Grand Prix,
216,-3108.3904857407124,-4025.933753572781,,Miami Grand Prix,641
217,-1869.637595062149,-4197.806601444405,,Miami Grand Prix,1815
218,-623.2005313664749,-4131.266040538245,,Miami Grand Prix,1815
219,541.4609819971457,-4072.584192496785,,Miami Grand Prix,
220,1805.6523368083192,-4256.576633702095,17.39,Miami Grand Prix,1600
221,2906.958865628091,-4561.327235963919,,Miami Grand Prix,1600
222,4708.968409468986,-4587.453925504116,26.38,Miami Grand Prix,3838
223,6429.332405894487,-4052.087957401099,,Miami Grand Prix,3838
224,7903.912873631337,-3441.253737527186,,Miami Grand Prix,3838
225,9519.036205727429,-2528.330618026523,,Miami Grand Prix,
226,9745.463208323545,-2078.1541942820777,104.13,Miami Grand Prix,
227,9361.601900236024,-1716.3303474265444,,Miami Grand Prix,
228,9176.489279080484,-1286.528861285644,111.37,Miami Grand Prix,
229,9794.96937641906,-859.684194930227,,Miami Grand Prix,
230,10405.356017122089,-602.2251712948723,49.65,Miami Grand Prix,
231,10559.696792528017,-93.52887187143703,10.08,Miami Grand Prix,
232,10412.040714584024,266.5373479356953,,Miami Grand Prix,
233,10525.764971391189,820.8439358576306,97.73,Miami Grand Prix,
234,10034.800715799827,1011.825871473592,,Miami Grand Prix,11638
235,9412.446731963197,1011.1055918920376,,Miami Grand Prix,11638
236,8156.919962676238,1004.2841841301054,,Miami Grand Prix,11638
237,6650.6856937942985,984.7054393877688,,Miami Grand Prix,11638
238,5572.365196360043,975.0667250990076,,Miami Grand Prix,11638
239,4066.432328371072,975.5106963937558,,Miami Grand Prix,11638
240,2124.241567351236,975.7293495315,,Miami Grand Prix,11638
241,902.078589819636,959.06632606354,,Miami Grand Prix,11638
242,-356.99204931826546,939.1132395635498,,Miami Grand Prix,
243,-1676.2609242122346,981.0969951840364,,Miami Grand Prix,
244,-2503.9310264675587,957.1971660494612,,Miami Grand Prix,
245,-2654.585192164451,686.7746774170006,121.41,Miami Grand Prix,
246,-2462.3911997777423,455.3411679797159,,Miami Grand Prix,
247,-1817.5143883547232,97.62913562844015,53.43,Miami Grand Prix,
248,-557.3397022637729,429.8109541188185,,Miami Grand Prix,107
249,430.6675627236698,647.4244746823015,41.07,Miami Grand Prix,
250,-10031.72390469355,812.4656915833457,,Monaco Grand Prix,1232
251,-9272.998328480384,1494.8237354283638,,Monaco Grand Prix,1232
252,-8659.936749191647,1854.741087052316,72.58,Monaco Grand Prix,
253,-8194.660487170899,1697.7633816289026,,Monaco Grand Prix,2014
254,-7710.9994488393,1317.3399333505397,,Monaco Grand Prix,2014
255,-6988.33631846665,877.5195154525073,,Monaco Grand Prix,2014
256,-6325.777264494854,405.8792924010798,,Monaco Grand Prix,2014
257,-5506.9476118808325,55.15432893255212,13.64,Monaco Grand Prix,325
258,-4629.428096428327,-538.1082604829616,,Monaco Grand Prix,
259,-3677.6623689512335,-478.71129086329177,101.11,Monaco Grand Prix,
260,-3430.882102317129,107.48023074035603,,Monaco Grand Prix,
261,-3251.2769798957456,627.9108216936551,64.3,Monaco Grand Prix,
262,-2677.813380353455,778.5245660863894,,Monaco Grand Prix,1105
263,-1926.1588719521556,873.9839815465733,,Monaco Grand Prix,1105
264,-1196.4246737676383,909.3393206059004,120.91,Monaco Grand Prix,1105
265,-1163.897761833057,560.0285706997458,,Monaco Grand Prix,1105
266,-1349.1597385039329,195.16147160748747,,Monaco Grand Prix,1105
267,-1406.4353877800431,-163.34166645409215,173.43,Monaco Grand Prix,
268,-1252.2861094813757,-219.910208949016,,Monaco Grand Prix,
269,-1185.81807204984,-61.51828996322938,,Monaco Grand Prix,
270,-1122.8855685242374,332.34018715767763,106.95,Monaco Grand Prix,
271,-787.0098474606274,368.40263299819145,,Monaco Grand Prix,
272,-398.10111780802623,160.51323932934636,,Monaco Grand Prix,
273,-404.4650788387052,-113.1370849898475,55.95,Monaco Grand Prix,
274,-593.9696961966999,-330.9259735953041,,Monaco Grand Prix,651
275,-1125.0068888677972,-761.5540033379114,,Monaco Grand Prix,651
276,-1908.481202422492,-1253.7003230437483,,Monaco Grand Prix,586
277,-3064.6007896624974,-1561.291772859896,40.12,Monaco Grand Prix,2647
278,-4048.8934290741713,-1271.3779925734116,,Monaco Grand Prix,2647
279,-4735.494113606309,-1027.4261530640524,,Monaco Grand Prix,2647
280,-5743.828383578326,-400.9295449327713,,Monaco Grand Prix,2647
281,-6189.305655725851,-226.9812767608801,4.1,Monaco Grand Prix,
282,-6413.458505361986,-164.04877323527765,25.89,Monaco Grand Prix,
283,-6810.852516388825,261.6295090390243,,Monaco Grand Prix,1367
284,-7363.810019276706,684.4793641885798,,Monaco Grand Prix,1367
285,-8128.192449739364,1307.440438413928,68.37,Monaco Grand Prix,1367
286,-8758.224591776578,1265.7211383239223,,Monaco Grand Prix,
287,-9390.37805415735,820.243866176397,32.11,Monaco Grand Prix,774
288,-9922.122353609637,-304.0559159102134,,Monaco Grand Prix,774
289,-10367.59962575716,-808.9301576774078,11.15,Monaco Grand Prix,
290,-10737.416472317724,-1000.5560953789624,,Monaco Grand Prix,
291,-10995.510447450815,-1719.683691845681,71.37,Monaco Grand Prix,
292,-10877.42361499266,-2416.18387131443,,Monaco Grand Prix,
293,-11055.614523851673,-2611.3453429219176,118.38,Monaco Grand Prix,
294,-11302.394790485776,-2504.572218962749,,Monaco Grand Prix,
295,-11531.497387590218,-2279.7122625454267,,Monaco Grand Prix,
296,-11570.388260555475,-1965.0497449174125,63.06,Monaco Grand Prix,
297,-11395.025778821211,-1625.6384899478703,,Monaco Grand Prix,
298,-11153.195259655417,-833.6788950189372,,Monaco Grand Prix,1752
299,-10702.768240039584,-29.69848480983208,,Monaco Grand Prix,1752
300,449.87403334974704,-1291.306839646422,,Spanish Grand Prix,6874
301,-928.8267546148315,-1305.4891266922446,,Spanish Grand Prix,6874
302,-1793.7687814619635,-1313.9324787265373,,Spanish Grand Prix,6874
303,-2908.7722642471413,-1311.8749615518086,,Spanish Grand Prix,6874
304,-3887.733741602891,-1298.9743470917294,,Spanish Grand Prix,6874
305,-5598.578979736495,-1301.1123731840632,,Spanish Grand Prix,6874
306,-7032.087386150456,-1352.0795071088228,,Spanish Grand Prix,6874
307,-7575.9054335361825,-1159.1366882800928,67.22,Spanish Grand Prix,
308,-7789.004277515139,-474.7940236048351,24.02,Spanish Grand Prix,
309,-8322.268094978008,-4.330740250089657,,Spanish Grand Prix,
310,-9117.986116792845,414.9291192154719,,Spanish Grand Prix,
311,-9475.889387304867,1489.3341866629391,84.1,Spanish Grand Prix,
312,-8903.289345381936,2258.241978267275,,Spanish Grand Prix,
313,-8001.066029164251,2598.525812254672,,Spanish Grand Prix,1650
314,-7064.489611794991,2682.105800456173,,Spanish Grand Prix,1650
315,-5810.209776718152,2706.1077861993595,,Spanish Grand Prix,1650
316,-4923.6113653492885,2370.9059709324856,107.08,Spanish Grand Prix,1650
317,-4897.166210324198,1849.131447047217,,Spanish Grand Prix,1650
318,-5270.637739330205,1377.6624480431306,,Spanish Grand Prix,1650
319,-5904.279290334115,1205.835835315769,,Spanish Grand Prix,917
320,-7109.558903540364,1266.1189506084884,,Spanish Grand Prix,917
321,-7850.086236883861,1132.192595580178,,Spanish Grand Prix,
322,-7900.1176035980925,685.9517835238332,,Spanish Grand Prix,
323,-7431.492135178628,329.71145685005825,49.76,Spanish Grand Prix,825
324,-6875.992319939606,1.27127162691576,,Spanish Grand Prix,825
325,-6146.7165830977165,-407.4803640318529,33.16,Spanish Grand Prix,
326,-4976.811279203693,-549.1616257450095,,Spanish Grand Prix,275
327,-4406.517875086022,-386.2799717139932,75.16,Spanish Grand Prix,
328,-4211.855386304223,461.51511877738017,13.9,Spanish Grand Prix,1190
329,-3787.305541331133,1074.6598236663033,,Spanish Grand Prix,1190
330,-3189.2152814038336,2048.514556663014,,Spanish Grand Prix,
331,-2255.51697718072,2468.856651498735,81.8,Spanish Grand Prix,
332,-1524.230120938049,2157.992478769372,,Spanish Grand Prix,3940
333,-573.3904361874966,1560.4567945600777,,Spanish Grand Prix,3940
334,436.6908906712605,976.3534534197854,,Spanish Grand Prix,3940
335,1516.1883051801249,375.3265554620675,,Spanish Grand Prix,3940
336,2598.52189567584,-59.31237386278443,132.12,Spanish Grand Prix,3940
337,2807.740588158195,408.032829082505,,Spanish Grand Prix,3940
338,2582.4399831694614,885.3269076040289,,Spanish Grand Prix,3940
339,1943.199705929548,1261.9286441298168,9.21,Spanish Grand Prix,
340,1408.4756674850169,1749.329098283864,127.8,Spanish Grand Prix,
341,1564.2229497912176,2267.7997185259683,,Spanish Grand Prix,
342,2056.3661683325604,2413.3162208333297,,Spanish Grand Prix,
343,2809.7488135758567,2209.805558099867,,Spanish Grand Prix,550
344,3593.240428502383,1926.8817355966637,65.17,Spanish Grand Prix,550
345,4056.989886698913,935.5223456565548,,Spanish Grand Prix,733
346,4058.126969654458,-259.6796067524733,,Spanish Grand Prix,733
347,3646.448632648262,-1070.7443062924126,79.04,Spanish Grand Prix,
348,2764.8174604186947,-1290.3427492584751,,Spanish Grand Prix,1834
349,1830.9171368947789,-1289.9117945910198,,Spanish Grand Prix,1834
350,865.1097256542906,3354.5089301682237,,Canadian Grand Prix,1029
351,2101.959843022045,2636.837844525662,,Canadian Grand Prix,1029
352,2730.674524670314,2304.809458570612,57.02,Canadian Grand Prix,
353,3220.082272415599,2447.7816812115398,,Canadian Grand Prix,
354,3563.303779355272,2505.392419568726,138.22,Canadian Grand Prix,
355,3699.6993283066713,2146.329396930295,,Canadian Grand Prix,
356,3366.6029554195507,1617.848738467335,,Canadian Grand Prix,
357,2875.928434973468,1174.2864373359073,,Canadian Grand Prix,1115
358,1953.4791779393388,691.8837339881931,,Canadian Grand Prix,1115
359,1234.0222208079151,401.67917366015007,,Canadian Grand Prix,
360,748.0776697202904,450.5350153604713,28.94,Canadian Grand Prix,
361,127.18008985176904,648.1614187417327,13.83,Canadian Grand Prix,343
362,-586.7032758694627,509.0228541863727,,Canadian Grand Prix,257
363,-1517.964573341624,157.02087147822564,39.63,Canadian Grand Prix,
364,-2528.5913785372404,279.8600371384548,,Canadian Grand Prix,601
365,-3458.903675515355,805.0952512009771,,Canadian Grand Prix,601
366,-4044.815253055271,827.8246001729012,95.3,Canadian Grand Prix,
367,-4259.686749514153,447.1406892841949,64.33,Canadian Grand Prix,
368,-4751.291303965787,180.75382391277537,,Canadian Grand Prix,
369,-5725.69982236363,410.0506605104911,,Canadian Grand Prix,5025
370,-6492.929739585336,730.7861498470718,,Canadian Grand Prix,5025
371,-7529.032215668393,1229.593386216549,,Canadian Grand Prix,5025
372,-8593.884065397331,1902.246742804368,,Canadian Grand Prix,5025
373,-9683.268571077611,2809.9280738802727,,Canadian Grand Prix,5025
374,-10125.491433983943,3264.7807308175825,33.81,Canadian Grand Prix,5025
375,-10088.092403689703,3739.828425826253,,Canadian Grand Prix,
376,-10235.50532615602,4159.112852307777,44.58,Canadian Grand Prix,
377,-10718.30929010223,4654.796554276912,,Canadian Grand Prix,3250
378,-11577.270435907429,5367.475128388009,,Canadian Grand Prix,3250
379,-12455.75136707987,5979.540691515353,,Canadian Grand Prix,3250
380,-13517.74782738994,6534.02109539712,,Canadian Grand Prix,944
381,-14497.518553248185,6817.134720557065,,Canadian Grand Prix,944
382,-15117.84319685903,7073.350130962209,,Canadian Grand Prix,944
383,-15046.10860332766,7329.676384184326,170.12,Canadian Grand Prix,944
384,-14761.579568106758,7330.153999368164,,Canadian Grand Prix,944
385,-14366.574547273078,7186.94773722791,9.7,Canadian Grand Prix,944
386,-13603.384452027747,6990.6778248128185,,Canadian Grand Prix,9663
387,-12602.155604458389,6903.415033229428,,Canadian Grand Prix,9663
388,-11742.715312471417,6834.9140514164,,Canadian Grand Prix,9663
389,-10389.50891305706,6672.625910802125,8.65,Canadian Grand Prix,9663
390,-9010.636966106558,6356.252470208683,,Canadian Grand Prix,9663
391,-7464.116967578287,5946.208699188915,,Canadian Grand Prix,9663
392,-6104.829327898283,5580.222206797234,,Canadian Grand Prix,9663
393,-4905.725663953653,5266.562513635103,,Canadian Grand Prix,9663
394,-3874.786992311755,4990.219510623919,,Canadian Grand Prix,
395,-3545.404525573209,4781.106644914439,31.53,Canadian Grand Prix,
396,-3240.43903465954,4436.609838903433,27.16,Canadian Grand Prix,
397,-2753.908949133178,4250.401686886099,,Canadian Grand Prix,3176
398,-1881.017896613028,4058.094093613589,,Canadian Grand Prix,3176
399,-689.770277239785,3770.1303644087097,,Canadian Grand Prix,3176
400,745.7525360309123,-1297.1823908007166,,Austrian Grand Prix,3143
401,-389.6808905534096,-1626.048524348982,,Austrian Grand Prix,3143
402,-1685.269532955358,-2004.7173370060004,,Austrian Grand Prix,3143
403,-2381.812057528873,-2208.904778982126,,Austrian Grand Prix,3143
404,-2901.493585848306,-2288.9866690920544,69.18,Austrian Grand Prix,
405,-3325.857468520829,-1985.3465941956383,,Austrian Grand Prix,
406,-3732.861981483998,-1358.3543084156508,,Austrian Grand Prix,5002
407,-4182.34876502398,-704.0992882416499,,Austrian Grand Prix,5002
408,-4763.306534831435,147.8913629396569,,Austrian Grand Prix,5002
409,-5323.205024764832,1111.2665136313806,,Austrian Grand Prix,5002
410,-5859.817658150174,2173.063048609363,,Austrian Grand Prix,5002
411,-6879.258826322659,3736.509467465832,17.72,Austrian Grand Prix,1614
412,-7502.933598225331,4342.717170231271,,Austrian Grand Prix,1614
413,-8106.738643598166,4899.264083961199,,Austrian Grand Prix,1614
414,-8318.558885485105,5173.609095082157,,Austrian Grand Prix,
415,-8261.006300148709,5371.6436878206405,115.28,Austrian Grand Prix,
416,-7905.928080466667,5484.857900300485,,Austrian Grand Prix,6770
417,-7431.803235963496,5539.140787335388,,Austrian Grand Prix,6770
418,-6696.950084836423,5553.968001457105,,Austrian Grand Prix,6770
419,-6112.114053323915,5511.168278973189,,Austrian Grand Prix,6770
420,-5337.102591382675,5402.67757034013,,Austrian Grand Prix,6770
421,-4263.548194994196,5208.384086159712,,Austrian Grand Prix,6770
422,-3254.6995997596537,5053.96740346872,,Austrian Grand Prix,6770
423,-2276.841222546728,4956.018467208523,,Austrian Grand Prix,6770
424,-1110.3207137368845,4936.37406530814,,Austrian Grand Prix,
425,-674.9681085893594,4919.969517424605,,Austrian Grand Prix,
426,-358.385679466454,4717.463800046946,106.36,Austrian Grand Prix,
427,-356.3290852133422,4370.446840201929,,Austrian Grand Prix,
428,-542.9768587199978,4062.142431143271,,Austrian Grand Prix,
429,-1062.3571544865097,3621.0108086432615,49.25,Austrian Grand Prix,170
430,-2467.460099203598,3385.4525042951304,,Austrian Grand Prix,1189
431,-3107.247788608602,3482.301420065034,,Austrian Grand Prix,1189
432,-4126.768173295788,3560.520249046893,,Austrian Grand Prix,1189
433,-4795.799088141682,3040.764888342968,111.24,Austrian Grand Prix,
434,-4648.890053527186,2073.181436878115,,Austrian Grand Prix,510
435,-4151.403249269723,1304.7467424572444,,Austrian Grand Prix,510
436,-3383.2167160149493,785.0742974247861,86.35,Austrian Grand Prix,
437,-2888.084948857032,953.741227055576,,Austrian Grand Prix,425
438,-2296.286640228303,1486.1506201960194,,Austrian Grand Prix,425
439,-1293.184428355114,2004.7361507839023,38.16,Austrian Grand Prix,3652
440,-309.91022573365524,2054.90429265835,,Austrian Grand Prix,3652
441,1411.4086475711558,2108.953681227106,,Austrian Grand Prix,3652
442,2248.84470595128,2148.574990200459,,Austrian Grand Prix,3652
443,3356.5611166894746,2059.8938006432045,69.14,Austrian Grand Prix,
444,3932.883877734588,1358.8452466176384,,Austrian Grand Prix,680
445,4197.296394053757,535.3344566374673,,Austrian Grand Prix,680
446,4189.426591802797,12.11742116124076,77.81,Austrian Grand Prix,
447,3694.449106596328,-394.5830695425193,,Austrian Grand Prix,2207
448,3032.651857134933,-641.170580591502,,Austrian Grand Prix,2207
449,2172.797502000386,-886.214429639285,,Austrian Grand Prix,2207
450,-1171.5586649488962,-1780.9717276203908,,British Grand Prix,2911
451,-2416.612570446057,-912.8946732028304,,British Grand Prix,2911
452,-3584.453206973118,-164.19563642231736,,British Grand Prix,2911
453,-4486.4749465611685,794.9085191888167,31.88,British Grand Prix,349
454,-4723.914650215185,3067.006093486341,25.15,British Grand Prix,466
455,-5814.783214741862,4247.654548754676,,British Grand Prix,
456,-6063.361929766148,4804.318381275592,86.39,British Grand Prix,
457,-5683.920247910645,5170.783945920714,,British Grand Prix,
458,-5057.34346733709,5365.7699404077,,British Grand Prix,
459,-5040.265045964447,5793.626607439334,124.5,British Grand Prix,
460,-5614.902119287151,6059.734168329882,,British Grand Prix,
461,-6805.592203991967,5944.109248067683,61.84,British Grand Prix,
462,-7713.771837263826,4987.831697504987,,British Grand Prix,4658
463,-8478.340592337903,4016.556958430365,,British Grand Prix,4658
464,-9204.48198676348,3119.6686290929388,,British Grand Prix,4658
465,-10239.828509179604,1850.7625732634144,,British Grand Prix,4658
466,-10951.832465569389,778.260654344248,,British Grand Prix,
467,-10616.585902203984,-82.5638003221407,97.33,British Grand Prix,
468,-9926.955453251394,-174.5520815184403,,British Grand Prix,
469,-9433.6243579909,-576.5799791189436,152.88,British Grand Prix,
470,-9928.9890073099,-1119.1985046090542,,British Grand Prix,
471,-10748.879748400002,-964.7181735803952,,British Grand Prix,
472,-11679.182605438122,-427.858234502508,,British Grand Prix,
473,-12583.187290231575,731.2985839959579,38.52,British Grand Prix,
474,-12896.253779599136,2017.156030696436,,British Grand Prix,2795
475,-13058.418580193447,3165.195915651748,,British Grand Prix,2795
476,-13280.7213702565,4631.3307899147485,,British Grand Prix,2795
477,-13019.046087811244,5648.0825032436205,66.6,British Grand Prix,
478,-11523.646584083868,6407.733952430625,,British Grand Prix,2554
479,-9765.864085814805,6645.2243496659,,British Grand Prix,2554
480,-8364.492912905183,6888.279560961428,25.86,British Grand Prix,349
481,-7060.684515050422,7289.0259417104,30.45,British Grand Prix,0
482,-5774.379658635372,7130.8209596047245,29.96,British Grand Prix,
483,-4846.228002907687,7572.482033245993,71.85,British Grand Prix,
484,-3893.440486743396,7394.62549262553,,British Grand Prix,
485,-3145.686624060664,6469.157956272657,11.84,British Grand Prix,5823
486,-1842.220725609979,5762.217611140093,,British Grand Prix,5823
487,-767.1711857956076,5292.450129352657,,British Grand Prix,5823
488,531.5832806002397,4720.427545867671,,British Grand Prix,5823
489,1891.7320759820352,4109.523908277052,,British Grand Prix,5823
490,3201.3434277236406,3455.83047295012,,British Grand Prix,
491,4022.750810712816,2512.922783316149,91.97,British Grand Prix,
492,3466.524919928554,1420.8455157103929,,British Grand Prix,
493,2477.9529792513117,760.9428576572299,,British Grand Prix,1630
494,1239.9902518758624,-321.92106991129907,,British Grand Prix,1630
495,942.2828947490724,-822.6159166119437,65.06,British Grand Prix,
496,1166.2226498295483,-1304.093835206864,57.89,British Grand Prix,
497,1146.7615523391394,-1721.0270021346928,,British Grand Prix,
498,497.5827195719503,-2243.0009891177897,58.61,British Grand Prix,
499,-151.86902542629852,-2298.7004587627475,,British Grand Prix,
500,-1244.0561756252202,-1043.8870781309397,,Hungarian Grand Prix,5072
501,-2628.7340386769947,-1058.316754993955,,Hungarian Grand Prix,5072
502,-3656.0708480290873,-1069.2291401714936,,Hungarian Grand Prix,5072
503,-5039.286872143008,-1099.4024832822345,,Hungarian Grand Prix,5072
504,-6287.255019187598,-1141.4084824024894,,Hungarian Grand Prix,5072
505,-7117.10212249095,-980.0802916265596,131.95,Hungarian Grand Prix,
506,-7130.02397503405,-567.9710515859434,,Hungarian Grand Prix,
507,-6665.941542400717,-212.50024305009796,,Hungarian Grand Prix,
508,-6197.428568752918,7.009650858347646,23.59,Hungarian Grand Prix,1718
509,-4495.906549106757,186.78678138180396,,Hungarian Grand Prix,1718
510,-3308.0423960624084,207.07850166948396,,Hungarian Grand Prix,
511,-2797.064249059525,628.0076326232592,139.59,Hungarian Grand Prix,
512,-3039.3884729222486,1103.4852562075123,,Hungarian Grand Prix,
513,-3533.732058191926,1327.025900616356,,Hungarian Grand Prix,
514,-4228.528624292896,1798.7914480382726,52.71,Hungarian Grand Prix,
515,-4469.420068050376,2493.474334198884,,Hungarian Grand Prix,2407
516,-4691.967319774889,3706.131631521531,,Hungarian Grand Prix,2407
517,-4922.192258993926,4879.71140186592,,Hungarian Grand Prix,344
518,-5011.752725461709,5916.76825799584,49.86,Hungarian Grand Prix,
519,-5482.33807840658,6760.7317794787,,Hungarian Grand Prix,344
520,-6243.516754328701,7212.042119844891,,Hungarian Grand Prix,
521,-6654.8701714865465,8108.317951379226,126.14,Hungarian Grand Prix,
522,-6067.991357350647,8536.802790689137,,Hungarian Grand Prix,
523,-5222.710646425716,8543.76840180675,,Hungarian Grand Prix,946
524,-4247.120314452897,8409.438568332698,,Hungarian Grand Prix,946
525,-3705.087189232984,8130.619467185857,13.3,Hungarian Grand Prix,
526,-3463.819269986104,7626.84194571206,16.56,Hungarian Grand Prix,
527,-2972.8818518516314,7275.124087940439,,Hungarian Grand Prix,258
528,-2359.182538341263,6931.1209591801,57.25,Hungarian Grand Prix,
529,-1754.206362353145,7120.236866725694,,Hungarian Grand Prix,
530,-1077.6355257180005,7340.708867249162,86.33,Hungarian Grand Prix,
531,-554.452713329104,6919.447968493006,,Hungarian Grand Prix,86
532,-142.40477937156683,6120.355045159728,34.1,Hungarian Grand Prix,
533,679.0646923435107,5522.518188617617,,Hungarian Grand Prix,0
534,1819.009718320208,4873.394673598336,67.8,Hungarian Grand Prix,
535,1884.099231418999,3954.177422191161,,Hungarian Grand Prix,2664
536,1813.553853884828,3009.916679753692,,Hungarian Grand Prix,2664
537,1755.6269752567125,2007.0575287596928,,Hungarian Grand Prix,2664
538,1732.0290412820964,1226.2040613843285,,Hungarian Grand Prix,2664
539,1526.6164117670107,898.4989322885235,90.66,Hungarian Grand Prix,
540,832.934267947107,928.666519951816,,Hungarian Grand Prix,602
541,-14.452347220409113,1051.7799815835156,39.16,Hungarian Grand Prix,0
542,-740.0647158884167,530.3811990417807,157.77,Hungarian Grand Prix,602
543,-570.1395163276405,298.3134792825898,,Hungarian Grand Prix,602
544,228.64175417056347,236.2370594335436,,Hungarian Grand Prix,258
545,716.2553874013751,260.29832888150884,,Hungarian Grand Prix,258
546,1477.95359409975,-193.18688798060623,,Hungarian Grand Prix,
547,1437.2085891186614,-675.1307068735257,127.98,Hungarian Grand Prix,
548,893.5715308551977,-1055.5827391754274,,Hungarian Grand Prix,1289
549,-152.99589990244192,-1059.1342004736896,,Hungarian Grand Prix,1289
550,-1356.5196632372017,-497.7503422910214,,Belgian Grand Prix,2643
551,-2628.454196618912,-1372.0818256490506,,Belgian Grand Prix,2643
552,-3837.218740613165,-2198.303513322744,,Belgian Grand Prix,2643
553,-4450.995727244153,-2331.0356144971897,129.16,Belgian Grand Prix,2643
554,-4445.275360691468,-1913.8722443332897,,Belgian Grand Prix,835
555,-4045.9286266782906,-1070.774274917511,,Belgian Grand Prix,835
556,-3129.133753484909,381.4471821909876,,Belgian Grand Prix,2365
557,-2037.430801621421,1496.6698796342143,,Belgian Grand Prix,2365
558,-596.2096163794093,2929.040814556314,12.99,Belgian Grand Prix,
559,471.4694173374255,3930.8269598795,1.22,Belgian Grand Prix,
560,1961.896591278091,4606.941476199953,,Belgian Grand Prix,1391
561,3129.6549878927262,5490.456233935226,,Belgian Grand Prix,1391
562,4598.985706324715,6229.2121069217865,,Belgian Grand Prix,6399
563,6141.761339892233,6771.219804717993,,Belgian Grand Prix,6399
564,8078.033323840463,7460.1173327852575,,Belgian Grand Prix,6399
565,9879.163736756413,8098.648644209544,,Belgian Grand Prix,6399
566,11280.21266265182,8509.162842803606,49.49,Belgian Grand Prix,6399
567,12067.663148739355,8031.833049096462,44.85,Belgian Grand Prix,
568,12971.558099151864,8217.636489911665,67.39,Belgian Grand Prix,
569,14118.145884271353,7735.573785468784,,Belgian Grand Prix,1530
570,14858.66269837108,6738.345703214985,,Belgian Grand Prix,1530
571,15664.206788290592,5568.226171203086,,Belgian Grand Prix,1530
572,15326.085495200356,4999.238481389863,132.98,Belgian Grand Prix,1530
573,14566.944887893073,5459.059683964436,,Belgian Grand Prix,1530
574,13968.565788985232,6277.741217889711,71.66,Belgian Grand Prix,1530
575,13166.705389876244,6262.744540231853,,Belgian Grand Prix,556
576,11854.65024019973,5738.76621605485,,Belgian Grand Prix,2086
577,10367.811449519912,5372.761556890812,,Belgian Grand Prix,2086
578,8681.972604334589,4661.231242663646,82.73,Belgian Grand Prix,
579,8721.228645825015,2870.643639890048,71.42,Belgian Grand Prix,
580,10308.953113972746,1926.2094107110076,,Belgian Grand Prix,1808
581,11818.13656430526,1470.4788837079896,,Belgian Grand Prix,1808
582,12927.530157998432,712.7250620267362,82.16,Belgian Grand Prix,
583,12678.110491861147,-296.7816641241917,61.89,Belgian Grand Prix,
584,13218.31377932908,-1220.4945027319682,,Belgian Grand Prix,139
585,14422.057286080397,-1825.57843902019,,Belgian Grand Prix,
586,14886.678614592733,-2716.6053864754454,87.88,Belgian Grand Prix,
587,14125.820535387387,-3820.052251216993,68.25,Belgian Grand Prix,
588,12771.064084085094,-4017.726118116036,,Belgian Grand Prix,
589,11321.58771531548,-3200.8985620318563,,Belgian Grand Prix,
590,10261.408998325169,-2111.235270899787,,Belgian Grand Prix,1391
591,9366.200609392172,-674.6400111331435,,Belgian Grand Prix,1391
592,8133.527306348327,671.0518287629676,33.56,Belgian Grand Prix,556
593,6530.465676816224,1348.1776752065057,42.25,Belgian Grand Prix,
594,4761.929351377122,1134.2798827860197,,Belgian Grand Prix,1669
595,2067.276296885385,174.10546325675878,,Belgian Grand Prix,1113
596,1046.032665604395,7.256892486678213,,Belgian Grand Prix,1113
597,563.1039580221149,170.85354096368144,78.48,Belgian Grand Prix,
598,356.3454328867333,556.303813092061,103.87,Belgian Grand Prix,
599,-80.76026313923894,386.6494276443208,,Belgian Grand Prix,974
600,558.0,3900.0,,Dutch Grand Prix,2265
601,924.0,4795.0,,Dutch Grand Prix,2265
602,1386.0,6138.0,,Dutch Grand Prix,2265
603,1742.0,6673.0,,Dutch Grand Prix,2265
604,2227.0,6514.0,127.44,Dutch Grand Prix,2265
605,2271.0,6062.0,,Dutch Grand Prix,587
606,2069.0,5495.0,,Dutch Grand Prix,587
607,1770.0,4609.0,,Dutch Grand Prix,0
608,1773.0,3855.0,52.2,Dutch Grand Prix,
609,1141.0,3408.0,,Dutch Grand Prix,0
610,710.0,3155.0,,Dutch Grand Prix,
611,706.0,2737.0,146.62,Dutch Grand Prix,
612,1328.0,2649.0,,Dutch Grand Prix,672
613,2100.0,2913.0,,Dutch Grand Prix,672
614,3151.0,3027.0,25.63,Dutch Grand Prix,420
615,3961.0,2890.0,,Dutch Grand Prix,420
616,4828.0,2922.0,29.66,Dutch Grand Prix,84
617,5965.0,3506.0,20.43,Dutch Grand Prix,923
618,7079.0,3628.0,,Dutch Grand Prix,923
619,8296.0,3413.0,,Dutch Grand Prix,
620,8699.0,2722.0,99.2,Dutch Grand Prix,
621,8441.0,1865.0,,Dutch Grand Prix,1342
622,7683.0,454.0,75.41,Dutch Grand Prix,1342
623,6834.0,67.0,,Dutch Grand Prix,1342
624,5898.0,332.0,,Dutch Grand Prix,1342
625,5521.0,744.0,119.2,Dutch Grand Prix,1342
626,5720.0,1152.0,,Dutch Grand Prix,1342
627,6303.0,1410.0,,Dutch Grand Prix,1342
628,6909.0,1516.0,,Dutch Grand Prix,1342
629,7459.0,1991.0,123.95,Dutch Grand Prix,
630,7316.0,2356.0,,Dutch Grand Prix,
631,6844.0,2552.0,,Dutch Grand Prix,504
632,6061.0,2639.0,,Dutch Grand Prix,3260
633,5404.0,2610.0,,Dutch Grand Prix,3260
634,3859.0,2206.0,,Dutch Grand Prix,3260
635,2651.0,1781.0,,Dutch Grand Prix,3260
636,2120.0,1547.0,40.96,Dutch Grand Prix,
637,1749.0,1756.0,,Dutch Grand Prix,
638,1440.0,1776.0,118.56,Dutch Grand Prix,
639,1241.0,1177.0,,Dutch Grand Prix,1848
640,1364.0,469.0,,Dutch Grand Prix,1848
641,1511.0,-370.0,,Dutch Grand Prix,1848
642,1560.0,-1259.0,99.16,Dutch Grand Prix,
643,918.0,-1605.0,,Dutch Grand Prix,168
644,-4.0,-1495.0,,Dutch Grand Prix,
645,-632.0,-1144.0,84.15,Dutch Grand Prix,
646,-1012.0,-430.0,,Dutch Grand Prix,
647,-605.0,905.0,,Dutch Grand Prix,3527
648,-137.0,2119.0,,Dutch Grand Prix,3527
649,237.0,3087.0,,Dutch Grand Prix,3527
650,-78.22838368990242,-1308.7984260325445,,Italian Grand Prix,7377
651,-1353.8918209240055,-1310.9881529728175,,Italian Grand Prix,7377
652,-3026.1026149005165,-1312.737583865205,,Italian Grand Prix,7377
653,-4573.826553143427,-1314.6378443358915,,Italian Grand Prix,7377
654,-6117.478556851223,-1317.1856765336795,,Italian Grand Prix,7377
655,-7566.442390025421,-1323.4952052902888,,Italian Grand Prix,7377
656,-8051.67546027202,-1284.6381912637337,54.66,Italian Grand Prix,
657,-8297.27086927877,-955.7918820632084,74.78,Italian Grand Prix,
658,-8586.602206972284,-895.7804079229973,,Italian Grand Prix,
659,-9124.90996653349,-1076.3842727659066,,Italian Grand Prix,227
660,-9766.261558711883,-1260.9842056213663,,Italian Grand Prix,794
661,-10823.958860857074,-1356.5321885136543,,Italian Grand Prix,794
662,-11957.302382754857,-1252.9152913764992,,Italian Grand Prix,
663,-13130.68787210168,-703.0903252369895,38.47,Italian Grand Prix,
664,-13901.4083926926,155.00225667947277,,Italian Grand Prix,
665,-14366.432163993324,1213.5006705305527,,Italian Grand Prix,3516
666,-14607.33651359743,2337.782705583067,,Italian Grand Prix,3516
667,-14829.659076508296,3708.622476679873,,Italian Grand Prix,3516
668,-14985.761336037158,4930.667518636177,,Italian Grand Prix,3516
669,-15244.515455265144,5570.550559341703,28.48,Italian Grand Prix,
670,-15642.22970432382,5894.118753229317,23.32,Italian Grand Prix,
671,-15888.916139124274,6648.489221159658,,Italian Grand Prix,1248
672,-16295.68916462773,7557.495659928254,,Italian Grand Prix,1248
673,-16684.729382425056,8516.236870545701,,Italian Grand Prix,
674,-16488.122272728524,9252.172767493785,85.37,Italian Grand Prix,
675,-15404.943880592356,9653.103647832657,,Italian Grand Prix,1248
676,-14622.096063223897,9780.819327533469,,Italian Grand Prix,1248
677,-13747.7107782146,9883.417443301792,68.22,Italian Grand Prix,1248
678,-13163.024874291455,9430.653273171714,,Italian Grand Prix,2950
679,-12638.17703648986,8606.259709905364,,Italian Grand Prix,2950
680,-11922.535787296743,7551.618727175547,,Italian Grand Prix,2950
681,-11144.433220879955,6494.411842911351,,Italian Grand Prix,5674
682,-9751.956702989964,5115.527095325475,,Italian Grand Prix,5674
683,-8796.941066718902,4193.252659770756,,Italian Grand Prix,5674
684,-7955.901212436351,3380.461196043199,,Italian Grand Prix,5674
685,-6589.24989017418,2101.70666003597,29.85,Italian Grand Prix,5674
686,-5659.378457761515,2040.517451977535,7.25,Italian Grand Prix,
687,-4846.239730378398,1649.900747227515,22.02,Italian Grand Prix,
688,-3743.916881012747,1396.0083767899762,,Italian Grand Prix,8285
689,-2235.430640494273,1387.4490446641144,,Italian Grand Prix,8285
690,-975.1833839731518,1382.267111531875,,Italian Grand Prix,8285
691,47.13545850252505,1377.3493560283669,,Italian Grand Prix,8285
692,1355.6358392457885,1371.3699250575562,,Italian Grand Prix,8285
693,2504.433926851249,1366.4756514612438,,Italian Grand Prix,8285
694,4090.4115608075167,1355.661559244126,,Italian Grand Prix,8285
695,5253.702790549944,1219.5310527279464,,Italian Grand Prix,
696,5780.593595429434,463.5759748738168,94.8,Italian Grand Prix,
697,5291.227171364057,-528.8516058581303,,Italian Grand Prix,
698,4122.548539743834,-1099.8816015626326,,Italian Grand Prix,2609
699,2118.254481398122,-1287.2804480907696,,Italian Grand Prix,2609
700,840.953382492828,-666.8841042294166,,Singapore Grand Prix,291
701,1156.4710187540709,409.6337178284063,,Singapore Grand Prix,3007
702,1644.7589304711198,1925.2784371709715,,Singapore Grand Prix,3007
703,1882.397544628109,2822.9531494479443,54.4,Singapore Grand Prix,
704,1517.236227996938,3334.174444814432,13.8,Singapore Grand Prix,
705,1154.9526456018125,3920.186907076929,91.07,Singapore Grand Prix,
706,775.896108482002,4023.017552639124,,Singapore Grand Prix,
707,480.1538079744029,3696.402348322985,,Singapore Grand Prix,
708,251.8738668392643,2816.431173525005,7.82,Singapore Grand Prix,776
709,149.9834372492093,1502.3751091358351,,Singapore Grand Prix,776
710,-395.99042313985535,575.2491501788754,115.57,Singapore Grand Prix,
711,-1311.1146266753071,780.19961273899,,Singapore Grand Prix,2814
712,-2675.87486541015,1558.933515152654,,Singapore Grand Prix,2814
713,-3946.918974498887,2280.726333592142,22.68,Singapore Grand Prix,2814
714,-4821.532768222328,2984.270725815327,,Singapore Grand Prix,1940
715,-5971.86660943124,4707.914846209542,,Singapore Grand Prix,1940
716,-6439.765584647914,5344.279952882737,78.7,Singapore Grand Prix,
717,-7023.664827653248,5395.881057694533,,Singapore Grand Prix,
718,-7707.636748194499,4934.734213499419,,Singapore Grand Prix,194
719,-8236.60312997095,4514.955025174974,,Singapore Grand Prix,
720,-8559.55893905692,4693.136240171468,106.11,Singapore Grand Prix,
721,-8676.345492525932,5135.983731898394,,Singapore Grand Prix,
722,-8891.245306617027,5796.709143778104,,Singapore Grand Prix,
723,-9463.093732472476,6160.463700927079,82.66,Singapore Grand Prix,
724,-9998.453074589645,5909.172286812165,,Singapore Grand Prix,2715
725,-10742.86428714296,5334.976373708546,,Singapore Grand Prix,2715
726,-11574.740333861362,4719.916016592137,,Singapore Grand Prix,2715
727,-12617.370861546511,4024.3848650690807,78.74,Singapore Grand Prix,2715
728,-12841.798304546062,3396.394162248821,,Singapore Grand Prix,
729,-12346.732122316678,2617.1621844573424,27.07,Singapore Grand Prix,
730,-12447.574323363084,2050.707552127341,27.38,Singapore Grand Prix,
731,-12215.696570055166,1177.9402821630777,,Singapore Grand Prix,97
732,-11973.788359826294,298.2889774838524,,Singapore Grand Prix,
733,-11686.540101432938,133.44833307239483,119.23,Singapore Grand Prix,
734,-11382.289245010115,492.5074039311872,,Singapore Grand Prix,3969
735,-10675.661878161834,1565.3949863092582,,Singapore Grand Prix,3969
736,-9788.925923064822,2776.0755163989224,,Singapore Grand Prix,3969
737,-8739.833850977991,3890.083965327638,,Singapore Grand Prix,3969
738,-8348.28435611397,4034.101301338721,80.3,Singapore Grand Prix,
739,-8017.872972291113,3566.6686137351844,,Singapore Grand Prix,873
740,-7698.244550832923,2789.8013971555783,,Singapore Grand Prix,873
741,-7188.587089248519,1902.2546255140253,35.48,Singapore Grand Prix,3589
742,-5294.992628327546,762.1699718284276,,Singapore Grand Prix,3589
743,-3934.121428127655,60.279256355920936,,Singapore Grand Prix,3589
744,-3027.2762651511025,-545.7503224486373,46.29,Singapore Grand Prix,
745,-3025.869377720448,-1219.466895398834,51.27,Singapore Grand Prix,
746,-2466.181646109904,-1727.610224671829,,Singapore Grand Prix,1261
747,-1579.0187039618418,-2169.988924519816,,Singapore Grand Prix,1261
748,-510.9239636399566,-2602.950384348199,56.85,Singapore Grand Prix,
749,261.4337406028532,-2151.020548315241,63.85,Singapore Grand Prix,
750,1843.057678737693,728.5522581435229,,Japanese Grand Prix,5886
751,2991.995236928082,719.5807822612206,,Japanese Grand Prix,5886
752,4502.651801492502,707.5498247588805,,Japanese Grand Prix,5886
753,6456.230387565969,686.7963181830348,,Japanese Grand Prix,5886
754,8002.387963292822,663.7799973983593,,Japanese Grand Prix,5886
755,9135.735448058918,-135.92212137735305,98.36,Japanese Grand Prix,
756,8836.215942869789,-920.9890395513764,102.31,Japanese Grand Prix,
757,8049.298176644802,-949.7888520416864,,Japanese Grand Prix,346
758,6827.66703494558,-803.4250804632852,40.49,Japanese Grand Prix,
759,6033.738273847672,-1309.7600706639832,32.68,Japanese Grand Prix,
760,4729.30088123943,-1185.489845889855,44.96,Japanese Grand Prix,
761,3639.693604904698,-1457.320645024918,,Japanese Grand Prix,
762,2671.283460253196,-1941.8325558548331,93.38,Japanese Grand Prix,
763,1821.6239434444883,-1073.3835328854975,,Japanese Grand Prix,0
764,827.9412364586688,-669.3678427974344,,Japanese Grand Prix,
765,-140.45440637981264,-1245.3182564021513,52.27,Japanese Grand Prix,
766,-798.1869753354325,-2411.9771044528748,,Japanese Grand Prix,
767,-657.6969507075831,-3873.6913559329873,48.58,Japanese Grand Prix,808
768,-934.4294930938972,-5390.098656094922,,Japanese Grand Prix,115
769,-1555.707068406641,-5963.041213785933,88.36,Japanese Grand Prix,
770,-2136.2718600286626,-5688.916200828562,,Japanese Grand Prix,1500
771,-3226.640884755289,-5088.226272565481,,Japanese Grand Prix,1500
772,-4161.292780944984,-4524.848217482567,31.29,Japanese Grand Prix,
773,-4767.663373690712,-3516.758586421323,,Japanese Grand Prix,
774,-5097.871553656585,-3396.664632020505,152.93,Japanese Grand Prix,
775,-5207.365079104648,-3746.6877282369614,,Japanese Grand Prix,
776,-4999.036888603038,-4313.363442417767,,Japanese Grand Prix,577
777,-4746.009673251948,-5377.3499217922335,48.43,Japanese Grand Prix,577
778,-5043.290533920615,-6417.440345688203,,Japanese Grand Prix,
779,-5809.877933248245,-7203.270326785959,,Japanese Grand Prix,0
780,-6729.463751117369,-7716.974447437115,,Japanese Grand Prix,
781,-8228.938308562907,-7874.990432620591,,Japanese Grand Prix,692
782,-9681.194637139986,-7451.296491068648,76.19,Japanese Grand Prix,692
783,-10693.585563688142,-8036.702855778642,,Japanese Grand Prix,692
784,-10699.23126718867,-8848.003124502857,108.69,Japanese Grand Prix,692
785,-10017.480903970549,-9139.861724259585,,Japanese Grand Prix,7688
786,-8723.238355702946,-8905.46627581021,,Japanese Grand Prix,7688
787,-7381.260813388274,-8451.538664925973,,Japanese Grand Prix,7688
788,-6236.282464528359,-7907.188060405298,,Japanese Grand Prix,7688
789,-4973.484615149562,-7172.428513611733,,Japanese Grand Prix,7688
790,-3698.976353800168,-6422.673425764945,,Japanese Grand Prix,7688
791,-2574.2268591464604,-5761.362172060437,,Japanese Grand Prix,7688
792,-1648.5723892117562,-4827.604279301343,52.09,Japanese Grand Prix,
793,-1433.8143578136758,-3114.22195537302,,Japanese Grand Prix,1384
794,-1515.1955713767013,-1778.0909370671773,,Japanese Grand Prix,1384
795,-1298.196690584161,-1161.1172863050194,53.51,Japanese Grand Prix,
796,-841.5705957973391,-899.5248369496595,44.22,Japanese Grand Prix,
797,-822.5484033624504,-441.7059249386221,,Japanese Grand Prix,
798,-478.6789982919472,185.5570440436527,44.97,Japanese Grand Prix,
799,603.2783550175699,698.5651196325902,,Japanese Grand Prix,461
800,310.24243745177967,-1441.0932065636762,,Qatar Grand Prix,6119
801,-1022.2663461316432,-1439.9349004613575,,Qatar Grand Prix,6119
802,-2371.867901817481,-1440.7354567469838,,Qatar Grand Prix,6119
803,-3675.904045152197,-1454.2164387854086,,Qatar Grand Prix,6119
804,-5625.436300163922,-1489.4866339776418,,Qatar Grand Prix,6119
805,-6721.5386281295005,-1381.5529199285108,,Qatar Grand Prix,
806,-7086.729139775111,-580.0069822530609,153.29,Qatar Grand Prix,
807,-6385.531649589479,4.307213841273696,,Qatar Grand Prix,859
808,-5538.31860807752,453.94602699251374,,Qatar Grand Prix,859
809,-5139.968783442743,1242.7187554849756,101.74,Qatar Grand Prix,
810,-5798.753661988307,1813.6929088401923,,Qatar Grand Prix,644
811,-6665.016982143202,2295.013862211452,41.64,Qatar Grand Prix,644
812,-7336.019316831441,3557.6293487483995,,Qatar Grand Prix,2362
813,-7716.95253125642,4673.17714519096,,Qatar Grand Prix,2362
814,-8109.671475870957,6027.358754333856,,Qatar Grand Prix,2362
815,-7683.327580604828,6590.236967599661,88.06,Qatar Grand Prix,2362
816,-6732.942421461447,6813.470140045002,86.59,Qatar Grand Prix,2362
817,-6103.6261182640765,6181.082608123322,,Qatar Grand Prix,1073
818,-5744.06065494241,4963.043742739184,,Qatar Grand Prix,1073
819,-5261.533283242258,4257.669845036595,136.35,Qatar Grand Prix,2362
820,-4920.512761138039,4561.424686156477,,Qatar Grand Prix,1932
821,-4816.160045445034,5236.4709888109655,,Qatar Grand Prix,1932
822,-4731.438321446847,6228.817818040935,,Qatar Grand Prix,1932
823,-4647.349038320248,7069.449123943383,,Qatar Grand Prix,
824,-4295.586876995074,7720.546184188506,,Qatar Grand Prix,
825,-3703.147756900028,7768.31530581543,108.77,Qatar Grand Prix,
826,-3332.289829115105,7236.889490297335,,Qatar Grand Prix,
827,-2877.81630366547,6208.633289408967,5.54,Qatar Grand Prix,
828,-2134.658951189813,5263.891446649067,46.96,Qatar Grand Prix,
829,-2392.732896262521,3942.3076094012713,,Qatar Grand Prix,322
830,-2329.813812964755,3148.2438909523244,106.68,Qatar Grand Prix,
831,-1845.791860691662,3014.86192171456,,Qatar Grand Prix,
832,-1115.4179376590705,3253.7173854452058,,Qatar Grand Prix,
833,-136.87054882775362,3991.856266558653,27.43,Qatar Grand Prix,
834,505.5151299535691,5035.241449363479,,Qatar Grand Prix,1717
835,1007.6735369910824,6254.68432799353,,Qatar Grand Prix,1717
836,1676.602429493607,7269.636118363569,65.31,Qatar Grand Prix,
837,2988.952591997458,7426.001239078248,69.7,Qatar Grand Prix,
838,3932.074062943199,6709.993633642983,,Qatar Grand Prix,429
839,4398.1959512336725,5587.242376571086,65.76,Qatar Grand Prix,
840,3830.405390297373,4645.4277032347445,,Qatar Grand Prix,1395
841,3055.1890194697285,3762.566684500302,,Qatar Grand Prix,1395
842,2619.7902807254563,2713.0654037483937,67.71,Qatar Grand Prix,
843,3185.592951719969,1766.017708278163,,Qatar Grand Prix,2576
844,3785.0834253441394,937.499047031557,,Qatar Grand Prix,2576
845,4366.255944885782,67.68326048269273,,Qatar Grand Prix,2576
846,4700.948938272686,-1040.5268279832594,96.21,Qatar Grand Prix,
847,4050.093152964832,-1451.5155708112068,,Qatar Grand Prix,2899
848,2849.8682600851585,-1444.7919920041056,,Qatar Grand Prix,2899
849,1662.7626628125754,-1445.3405575006998,,Qatar Grand Prix,2899
850,-1283.0,-429.0,,United States Grand Prix,5310
851,-301.0,-1181.0,,United States Grand Prix,5310
852,915.0,-2113.0,,United States Grand Prix,5310
853,2136.0,-3048.0,,United States Grand Prix,5310
854,3182.0,-3881.0,,United States Grand Prix,5310
855,3738.0,-4019.0,132.11,United States Grand Prix,5310
856,3777.0,-3537.0,,United States Grand Prix,5310
857,3429.0,-2662.0,,United States Grand Prix,0
858,3434.0,-1646.0,69.32,United States Grand Prix,
859,4278.0,-812.0,,United States Grand Prix,0
860,5563.0,226.0,17.12,United States Grand Prix,
861,6706.0,1486.0,8.81,United States Grand Prix,
862,7145.0,2434.0,69.64,United States Grand Prix,
863,8355.0,2640.0,,United States Grand Prix,
864,9443.0,2416.0,55.04,United States Grand Prix,
865,10413.0,3259.0,75.36,United States Grand Prix,
866,11054.0,2995.0,30.35,United States Grand Prix,
867,11746.0,2837.0,,United States Grand Prix,217
868,12911.0,3161.0,35.15,United States Grand Prix,
869,13973.0,4107.0,,United States Grand Prix,2275
870,14895.0,5246.0,,United States Grand Prix,2275
871,15557.0,6104.0,,United States Grand Prix,2275
872,15404.0,6423.0,119.98,United States Grand Prix,2275
873,14962.0,6387.0,,United States Grand Prix,10151
874,14202.0,6117.0,,United States Grand Prix,10151
875,13190.0,5766.0,,United States Grand Prix,10151
876,11887.0,5393.0,,United States Grand Prix,10151
877,10520.0,5057.0,,United States Grand Prix,10151
878,8895.0,4722.0,,United States Grand Prix,10151
879,7468.0,4487.0,,United States Grand Prix,10151
880,5921.0,4325.0,,United States Grand Prix,10151
881,4432.0,4179.0,,United States Grand Prix,
882,4000.0,3759.0,116.94,United States Grand Prix,
883,4416.0,3207.0,,United States Grand Prix,108
884,4991.0,2529.0,,United States Grand Prix,
885,4914.0,2026.0,124.02,United States Grand Prix,
886,4298.0,2022.0,63.78,United States Grand Prix,
887,3667.0,2894.0,,United States Grand Prix,
888,2992.0,3151.0,142.06,United States Grand Prix,
889,2870.0,2765.0,,United States Grand Prix,217
890,3448.0,1983.0,,United States Grand Prix,
891,3727.0,1194.0,68.73,United States Grand Prix,
892,3052.0,62.0,73.06,United States Grand Prix,
893,2082.0,-31.0,64.32,United States Grand Prix,0
894,520.0,1559.0,,United States Grand Prix,0
895,-385.0,1883.0,73.24,United States Grand Prix,1192
896,-1336.0,1460.0,,United States Grand Prix,1192
897,-2263.0,1065.0,,United States Grand Prix,
898,-2537.0,591.0,102.53,United States Grand Prix,
899,-2054.0,90.0,,United States Grand Prix,325
900,-897.363475774303,852.3220003885045,,Mexico City Grand Prix,11076
901,368.9088003630973,1492.9712981215214,,Mexico City Grand Prix,11076
902,1634.9663429381976,2145.825262564335,,Mexico City Grand Prix,11076
903,2957.5097533514167,2843.4268161553314,,Mexico City Grand Prix,11076
904,4105.489803826469,3492.072947502229,,Mexico City Grand Prix,11076
905,5341.791530276735,4187.583580904832,,Mexico City Grand Prix,11076
906,6333.707210811377,4727.78658229366,,Mexico City Grand Prix,11076
907,7677.955256484375,5458.462428140727,,Mexico City Grand Prix,11076
908,9101.992344704671,6227.33131902724,,Mexico City Grand Prix,
909,9648.15058951485,6312.64938057265,87.71,Mexico City Grand Prix,
910,9912.510699461767,6110.412558334827,,Mexico City Grand Prix,
911,10132.752356404408,5742.62646214961,54.78,Mexico City Grand Prix,
912,10572.15078067257,5660.146011431542,57.65,Mexico City Grand Prix,
913,10967.302856524237,5298.305111379989,,Mexico City Grand Prix,
914,11189.208328343584,4565.851726121491,,Mexico City Grand Prix,4855
915,11308.147703764713,3296.299669302067,,Mexico City Grand Prix,4855
916,11374.177546486815,2388.792611549845,,Mexico City Grand Prix,4855
917,11494.431316000877,1100.418430297496,,Mexico City Grand Prix,4855
918,11555.752672154342,-275.27110272930554,,Mexico City Grand Prix,4855
919,11625.68434626363,-1018.0184089891616,85.32,Mexico City Grand Prix,
920,11938.275337797442,-1218.5872799834096,,Mexico City Grand Prix,
921,12295.29492041114,-1220.0077131362916,104.74,Mexico City Grand Prix,
922,12409.91747460452,-1522.3827618261353,,Mexico City Grand Prix,170
923,12181.6665749474,-2222.1981137624266,,Mexico City Grand Prix,
924,11889.654859053087,-2497.3965108879534,104.54,Mexico City Grand Prix,
925,11615.326324352893,-2385.218727663092,,Mexico City Grand Prix,
926,11212.847314663892,-1662.8250353043056,,Mexico City Grand Prix,1704
927,10837.749055554856,-876.0396160104724,,Mexico City Grand Prix,1704
928,10411.57639311077,-41.073232384569394,52.98,Mexico City Grand Prix,1704
929,9605.358914149976,306.4068053414872,,Mexico City Grand Prix,
930,8691.060722374456,491.3089862805255,35.12,Mexico City Grand Prix,
931,7511.0493311098735,354.60815787841045,,Mexico City Grand Prix,
932,6677.416836116248,-49.582222129208674,51.73,Mexico City Grand Prix,
933,6167.256451651125,114.9819967107224,,Mexico City Grand Prix,
934,5406.450257064761,410.1665733386629,32.68,Mexico City Grand Prix,4229
935,4555.674223428437,286.4687940940699,,Mexico City Grand Prix,4229
936,3590.104614740956,-46.71033307194197,,Mexico City Grand Prix,4229
937,2546.0647875954546,-581.5213644970528,,Mexico City Grand Prix,4229
938,1344.5442937235282,-1265.358701007544,,Mexico City Grand Prix,4229
939,574.0541133698431,-1542.0930175975648,70.84,Mexico City Grand Prix,
940,11.103525254696686,-1073.4922970039972,,Mexico City Grand Prix,85
941,-378.6610106296032,-514.9105155548559,,Mexico City Grand Prix,
942,-712.9891283221071,-415.42328159899984,99.22,Mexico City Grand Prix,
943,-865.3965295236329,-717.7442766671511,,Mexico City Grand Prix,
944,-1215.303911862297,-1064.6719691117066,36.8,Mexico City Grand Prix,0
945,-1670.4378507208785,-1293.988557476075,,Mexico City Grand Prix,
946,-2116.8267844021607,-1224.003417004058,100.31,Mexico City Grand Prix,
947,-2287.078633997375,-712.3596857716618,,Mexico City Grand Prix,
948,-2128.5115967293677,-136.1006340492215,53.96,Mexico City Grand Prix,
949,-1555.2006248905686,459.6640255012189,,Mexico City Grand Prix,426
950,-4408.430459778451,4689.0308040465625,,So Paulo Grand Prix,2456
951,-5437.492745631856,4642.978531201813,,So Paulo Grand Prix,2456
952,-6374.632836147034,4591.700360902922,,So Paulo Grand Prix,2456
953,-7457.242396141421,4447.639468885824,,So Paulo Grand Prix,
954,-7834.475087761119,4115.819493035428,94.45,So Paulo Grand Prix,
955,-7708.817090896932,3687.330207493677,,So Paulo Grand Prix,
956,-7571.057283756755,3205.151573026428,45.24,So Paulo Grand Prix,
957,-8022.386426805728,2404.491842157764,,So Paulo Grand Prix,
958,-8041.138313455841,1580.3817968682642,68.58,So Paulo Grand Prix,
959,-7287.508008054528,595.1638703257534,,So Paulo Grand Prix,5251
960,-6370.179390154369,125.17003336468858,,So Paulo Grand Prix,5251
961,-4843.1666148361655,-612.4321521086192,,So Paulo Grand Prix,5251
962,-3731.115586997721,-1166.7538199905978,,So Paulo Grand Prix,5251
963,-2563.8865227283973,-1764.4965000168431,,So Paulo Grand Prix,5251
964,-1733.287508381976,-2074.972388560147,91.47,So Paulo Grand Prix,
965,-1148.0970960039133,-1721.925392735522,,So Paulo Grand Prix,
966,-884.8556674318544,-921.1576671850088,56.42,So Paulo Grand Prix,
967,-987.790653576562,-169.3269757209075,,So Paulo Grand Prix,
968,-1660.8251375197658,733.3299820561348,,So Paulo Grand Prix,2287
969,-2476.2814529721686,1600.8298365741578,,So Paulo Grand Prix,2287
970,-3375.277659223785,2599.566449072769,85.08,So Paulo Grand Prix,2287
971,-3439.937641180218,3435.272190786558,,So Paulo Grand Prix,
972,-2614.899129850524,4079.821998654718,82.88,So Paulo Grand Prix,
973,-1846.6899986403137,4077.04158047497,,So Paulo Grand Prix,
974,-1423.033691868812,3915.426810937248,101.33,So Paulo Grand Prix,
975,-1309.5441166199266,3665.366585571781,,So Paulo Grand Prix,
976,-1497.966216114302,3360.8881587134374,,So Paulo Grand Prix,
977,-1712.3018135156933,2972.974184117795,131.39,So Paulo Grand Prix,
978,-1572.2601782624783,2631.3935342038903,,So Paulo Grand Prix,
979,-1003.021206843963,2620.8108399160137,,So Paulo Grand Prix,
980,-518.0598308979321,2891.9057750227626,,So Paulo Grand Prix,0
981,285.281175574522,3184.270662312301,,So Paulo Grand Prix,4838
982,865.1007385270016,3026.2666293966954,144.06,So Paulo Grand Prix,4838
983,769.002605160637,2684.7843476257367,,So Paulo Grand Prix,4838
984,476.1924609848632,2490.4155757827207,,So Paulo Grand Prix,4838
985,-20.591776154081064,2231.0347327540244,,So Paulo Grand Prix,4838
986,-407.6517531766012,1506.680141281501,81.24,So Paulo Grand Prix,4838
987,-194.1150507567153,688.402024306813,,So Paulo Grand Prix,4838
988,633.6080544539354,-121.3871217679156,,So Paulo Grand Prix,4838
989,1179.963461723659,-484.9249725443301,93.19,So Paulo Grand Prix,
990,1628.851772096303,-277.72631229095646,,So Paulo Grand Prix,
991,1938.5397205179063,226.9135341365907,37.37,So Paulo Grand Prix,
992,2104.585698036092,969.6205647684748,,So Paulo Grand Prix,
993,2035.223636689001,1903.448120822419,,So Paulo Grand Prix,
994,1665.5895149944383,2805.0004576720826,40.5,So Paulo Grand Prix,
995,1097.189493579064,3406.317691463865,,So Paulo Grand Prix,
996,-137.35714911973105,4081.754281382663,,So Paulo Grand Prix,
997,-1203.2598592695142,4478.027435274455,,So Paulo Grand Prix,
998,-2270.9338576276887,4678.387693883463,18.49,So Paulo Grand Prix,
999,-3415.2429543465205,4720.217003781336,,So Paulo Grand Prix,
1000,565.0000000000001,2113.0,,Las Vegas Grand Prix,1842
1001,-675.9999999999998,3217.0,,Las Vegas Grand Prix,1842
1002,-1341.9999999999998,3765.0,108.63,Las Vegas Grand Prix,1842
1003,-1866.0,3606.0,,Las Vegas Grand Prix,1842
1004,-1935.0,2901.0,67.69,Las Vegas Grand Prix,1842
1005,-1377.9999999999998,2188.0,,Las Vegas Grand Prix,1842
1006,-1369.0,1056.0,101.19,Las Vegas Grand Prix,
1007,-2479.0,545.0000000000001,63.64,Las Vegas Grand Prix,7244
1008,-3730.0,468.0000000000002,,Las Vegas Grand Prix,7244
1009,-5316.0,406.00000000000034,,Las Vegas Grand Prix,7244
1010,-6925.0,350.0000000000004,,Las Vegas Grand Prix,7244
1011,-8438.0,297.0000000000005,,Las Vegas Grand Prix,7244
1012,-10070.0,242.00000000000065,,Las Vegas Grand Prix,7244
1013,-10508.0,342.0000000000006,76.2,Las Vegas Grand Prix,
1014,-10709.0,916.0000000000008,,Las Vegas Grand Prix,860
1015,-10715.0,1951.000000000001,,Las Vegas Grand Prix,860
1016,-11184.0,3269.000000000001,54.71,Las Vegas Grand Prix,
1017,-12294.0,3875.000000000001,,Las Vegas Grand Prix,
1018,-12794.0,3556.000000000001,59.93,Las Vegas Grand Prix,
1019,-13181.0,3303.000000000001,75.57,Las Vegas Grand Prix,
1020,-13935.0,3615.000000000001,,Las Vegas Grand Prix,
1021,-14260.0,3462.000000000001,109.4,Las Vegas Grand Prix,
1022,-14280.0,2752.000000000001,,Las Vegas Grand Prix,2456
1023,-14257.0,1635.000000000001,,Las Vegas Grand Prix,2456
1024,-14261.0,447.00000000000085,,Las Vegas Grand Prix,2456
1025,-14717.0,-1133.999999999999,52.72,Las Vegas Grand Prix,
1026,-15753.0,-1889.999999999999,,Las Vegas Grand Prix,491
1027,-17174.0,-2803.999999999999,42.29,Las Vegas Grand Prix,
1028,-17714.0,-4135.999999999999,,Las Vegas Grand Prix,
1029,-17620.0,-4772.999999999999,83.99,Las Vegas Grand Prix,
1030,-17054.0,-4965.999999999999,,Las Vegas Grand Prix,17240
1031,-16007.0,-5484.999999999999,,Las Vegas Grand Prix,17240
1032,-14644.0,-6233.999999999999,,Las Vegas Grand Prix,17240
1033,-13187.0,-6893.999999999999,,Las Vegas Grand Prix,17240
1034,-11673.0,-7325.999999999999,,Las Vegas Grand Prix,17240
1035,-9862.0,-7634.999999999999,10.68,Las Vegas Grand Prix,17240
1036,-8423.0,-7695.999999999999,,Las Vegas Grand Prix,17240
1037,-7069.000000000001,-7688.0,,Las Vegas Grand Prix,17240
1038,-5152.000000000001,-7683.0,,Las Vegas Grand Prix,
1039,-3297.0000000000005,-7694.0,,Las Vegas Grand Prix,
1040,-1688.0000000000005,-7708.0,,Las Vegas Grand Prix,
1041,-54.00000000000048,-7728.0,,Las Vegas Grand Prix,
1042,983.9999999999995,-7669.0,60.77,Las Vegas Grand Prix,
1043,1261.9999999999995,-7367.0,21.55,Las Vegas Grand Prix,
1044,1659.9999999999995,-6616.0,24.58,Las Vegas Grand Prix,6016
1045,1708.9999999999998,-5381.0,,Las Vegas Grand Prix,6016
1046,1677.9999999999998,-4170.0,,Las Vegas Grand Prix,6016
1047,1645.9999999999998,-2530.0,,Las Vegas Grand Prix,6016
1048,1650.0,-894.0000000000001,,Las Vegas Grand Prix,6016
1049,1541.0,797.9999999999999,36.59,Las Vegas Grand Prix,
1050,2156.701912055267,-229.98665730245503,,Abu Dhabi Grand Prix,2930
1051,2464.505056667718,-1267.2962659375464,,Abu Dhabi Grand Prix,2930
1052,2849.9529790842757,-2572.188176827012,,Abu Dhabi Grand Prix,2930
1053,3204.78895363456,-3645.883399487963,90.44,Abu Dhabi Grand Prix,
1054,3943.591838542589,-3764.3920373654346,,Abu Dhabi Grand Prix,628
1055,4956.119626368202,-3373.631907770602,,Abu Dhabi Grand Prix,628
1056,5789.86967406529,-2642.748977360333,52.38,Abu Dhabi Grand Prix,209
1057,6004.878070960247,-1552.8552259952464,72.78,Abu Dhabi Grand Prix,
1058,7179.114425083216,-944.712163339759,,Abu Dhabi Grand Prix,3851
1059,8464.664069568085,-933.3055176966798,10.26,Abu Dhabi Grand Prix,3851
1060,9561.794583497976,-763.2066188056681,,Abu Dhabi Grand Prix,3851
1061,11008.491598105102,-404.5413878076981,,Abu Dhabi Grand Prix,3851
1062,11874.934967561769,66.06448500370257,125.8,Abu Dhabi Grand Prix,
1063,11664.662613246444,538.7319548074648,,Abu Dhabi Grand Prix,
1064,11029.438190582365,674.4888435869518,,Abu Dhabi Grand Prix,10252
1065,10072.245926712376,799.1683125762373,,Abu Dhabi Grand Prix,10252
1066,9005.69013366114,962.4433575428592,,Abu Dhabi Grand Prix,10252
1067,7392.361754823162,1226.3004060293786,,Abu Dhabi Grand Prix,10252
1068,6159.904013000661,1426.3251910480856,,Abu Dhabi Grand Prix,10252
1069,5057.840463766696,1606.6940726486462,,Abu Dhabi Grand Prix,10252
1070,3727.891562873384,1824.053040746744,,Abu Dhabi Grand Prix,10252
1071,2495.9571698225814,2038.3860788406223,,Abu Dhabi Grand Prix,10252
1072,1018.6440192875668,2296.77891011949,,Abu Dhabi Grand Prix,
1073,320.196614104749,2267.0430362734305,105.66,Abu Dhabi Grand Prix,
1074,245.83370158964095,1974.6885301643736,,Abu Dhabi Grand Prix,
1075,235.81616394346744,1588.0754820923933,73.94,Abu Dhabi Grand Prix,
1076,-119.71866880353026,1387.2870792809651,,Abu Dhabi Grand Prix,105
1077,-1110.371594720508,837.9158201381783,27.33,Abu Dhabi Grand Prix,
1078,-1806.196284160296,90.73578723712237,,Abu Dhabi Grand Prix,3868
1079,-2374.895461699916,-853.36073614688,,Abu Dhabi Grand Prix,3868
1080,-3165.57657327399,-2214.3373633525,,Abu Dhabi Grand Prix,3868
1081,-3938.5744215904233,-3882.9164973758657,,Abu Dhabi Grand Prix,1464
1082,-4272.147917260058,-5285.143912236501,,Abu Dhabi Grand Prix,1464
1083,-4291.4505524383385,-6206.493144761917,137.03,Abu Dhabi Grand Prix,
1084,-3273.4381500883483,-6365.127153289726,,Abu Dhabi Grand Prix,
1085,-2889.9945885023035,-5424.248821581418,,Abu Dhabi Grand Prix,837
1086,-2977.450139424485,-4058.689402657109,37.55,Abu Dhabi Grand Prix,837
1087,-2884.624602170827,-3053.2962359638145,,Abu Dhabi Grand Prix,
1088,-1986.935341096044,-2005.4956869321727,57.66,Abu Dhabi Grand Prix,
1089,-1342.5760471063177,-1853.2915468798683,94.96,Abu Dhabi Grand Prix,
1090,-1025.823080123599,-2267.581973884457,,Abu Dhabi Grand Prix,
1091,-713.7231707731877,-2816.729173261332,101.36,Abu Dhabi Grand Prix,
1092,126.48187376909752,-2738.642790801286,56.85,Abu Dhabi Grand Prix,
1093,375.7079582034518,-2194.092188159512,,Abu Dhabi Grand Prix,
1094,175.7217184283557,-1486.0628781019282,,Abu Dhabi Grand Prix,1046
1095,-185.0231026400021,-413.4095445069783,69.24,Abu Dhabi Grand Prix,1046
1096,377.9270715428007,845.4709507695003,,Abu Dhabi Grand Prix,209
1097,1131.0057910157825,1325.5349488748925,,Abu Dhabi Grand Prix,
1098,1657.925403235508,1343.3035238941268,98.09,Abu Dhabi Grand Prix,
1099,1922.9161674255065,698.5230225651856,,Abu Dhabi Grand Prix,314
